Hospital Name,State,County,Latitude,Longitude,Total Surgeries For All Cancer Types,Bladder,Brain,Breast¹,Colon,Esophagus,Liver,Lung,Pancreas,Prostate,Rectum,Stomach
WellSpan Gettysburg,PA,Adams,,,87,1,,57,27,,,,,1,1,
Allegheny General,PA,Allegheny,,,746,29,104,184,79,18,33,113,49,97,27,13
Allegheny Valley,PA,Allegheny,,,45,,,35,10,,,,,,,
Forbes,PA,Allegheny,,,238,18,6,112,54,2,,31,,8,7,
Heritage Valley Sewickley,PA,Allegheny,,,71,6,,40,17,1,,1,,5,1,
Jefferson,PA,Allegheny,,,221,10,,109,54,,,20,,17,7,4
Magee Womens UPMC,PA,Allegheny,,,828,1,,819,4,,,,,,1,3
Ohio Valley,PA,Allegheny,,,26,2,,17,5,,,,,,2,
St Clair,PA,Allegheny,,,416,14,,203,48,4,,52,,81,13,1
UPMC East,PA,Allegheny,,,50,11,,2,24,,,10,,2,,1
UPMC McKeesport,PA,Allegheny,,,23,2,,6,14,,,,,1,,
UPMC Mercy,PA,Allegheny,,,177,35,14,3,22,7,1,35,,55,5,
UPMC Passavant,PA,Allegheny,,,548,3,,211,115,18,37,71,,27,62,4
UPMC Presby Shadyside,PA,Allegheny,,,1391,104,168,80,181,54,130,170,85,342,39,38
UPMC St Margaret,PA,Allegheny,,,153,8,,46,40,,1,48,,1,5,4
West Penn,PA,Allegheny,,,110,2,5,64,6,15,2,,1,7,4,4
ACMH,PA,Armstrong,,,41,2,,21,11,,,5,,,2,
Heritage Valley Beaver,PA,Beaver,,,152,5,,96,32,,,5,,4,8,2
UPMC Bedford,PA,Bedford,,,17,2,,9,4,,,,,2,,
Reading,PA,Berks,,,415,29,13,192,69,2,,36,7,56,7,4
St Joseph Reading,PA,Berks,,,99,1,2,58,24,,,9,,,3,2
Surgical Inst Reading,PA,Berks,,,16,,,15,1,,,,,,,
Conemaugh Nason MC,PA,Blair,,,16,,,10,6,,,,,,,
Tyrone Regional Health,PA,Blair,,,25,,,24,1,,,,,,,
UPMC Altoona,PA,Blair,,,159,5,2,68,39,,,17,,21,5,2
Robert Packer,PA,Bradford,,,301,4,4,124,46,7,3,44,5,44,15,5
Troy Community,PA,Bradford,,,2,,,,2,,,,,,,
Doylestown,PA,Bucks,,,198,33,,89,25,,,9,,32,7,3
Grand View,PA,Bucks,,,143,,,103,19,3,1,15,1,,1,
Lower Bucks,PA,Bucks,,,4,1,,2,1,,,,,,,
St Luke's Quakertown,PA,Bucks,,,16,1,,8,6,,,,,1,,
St Mary MC,PA,Bucks,,,310,13,6,168,42,,,19,,53,9,
Butler Memorial,PA,Butler,,,156,7,2,59,31,,,26,,31,,
Conemaugh Memorial,PA,Cambria,,,217,17,11,81,41,,2,22,1,26,15,1
Blue Mountain,PA,Carbon,,,16,,,9,6,1,,,,,,
Mount Nittany,PA,Centre,,,179,7,,74,26,1,,39,,28,3,1
Brandywine,PA,Chester,,,42,3,,21,10,,,2,,3,3,
Chester County,PA,Chester,,,345,14,,253,38,,1,1,,37,1,
Jennersville,PA,Chester,,,24,,,15,8,,,,,,,1
Paoli,PA,Chester,,,279,7,2,155,33,,,25,,55,2,
Phoenixville,PA,Chester,,,179,2,1,112,19,,,11,,32,1,1
Clarion,PA,Clarion,,,26,1,,11,13,,,,,,1,
Penn Highlands Clearfield,PA,Clearfield,,,11,,,8,3,,,,,,,
Penn Highlands DuBois,PA,Clearfield,,,189,2,,99,32,1,2,40,,9,3,1
Lock Haven,PA,Clinton,,,2,,,,,,,,,2,,
Berwick,PA,Columbia,,,10,1,,8,1,,,,,,,
Geisinger Bloomsburg,PA,Columbia,,,28,,,24,4,,,,,,,
Meadville,PA,Crawford,,,23,1,,18,3,,,,,,1,
Titusville Area,PA,Crawford,,,7,,,,7,,,,,,,
Holy Spirit,PA,Cumberland,,,216,4,5,162,19,1,,6,,17,,2
UPMC Pinnacle Carlisle,PA,Cumberland,,,28,3,,11,10,,,,,4,,
Milton S Hershey,PA,Dauphin,,,601,32,48,248,71,12,5,36,18,83,34,14
UPMC Pinnacle Hospitals,PA,Dauphin,,,613,27,,331,115,2,2,34,3,78,20,1
Crozer-Chester,PA,Delaware,,,190,4,8,107,29,,2,6,5,20,9,
Delaware County Memorial,PA,Delaware,,,74,1,,58,6,,,4,,,4,1
Mercy Fitzgerald,PA,Delaware,,,48,1,1,12,20,1,,9,1,1,1,1
Riddle Memorial,PA,Delaware,,,133,8,,90,28,,,,,2,5,
Taylor Crozer,PA,Delaware,,,12,2,,1,8,,,,,1,,
Penn Highlands Elk,PA,Elk,,,5,,,3,1,,,,,1,,
Millcreek Community,PA,Erie,,,12,1,,2,8,,,,,,1,
Saint Vincent,PA,Erie,,,231,11,6,93,49,,2,24,1,26,16,3
UPMC Hamot,PA,Erie,,,299,7,14,152,40,,1,31,,43,10,1
Highlands,PA,Fayette,,,2,,,,2,,,,,,,
Uniontown,PA,Fayette,,,112,1,,75,26,1,,3,,2,4,
Chambersburg,PA,Franklin,,,110,2,,51,30,,,3,,19,5,
Waynesboro,PA,Franklin,,,54,,,49,4,,,,,,1,
JC Blair Memorial,PA,Huntingdon,,,19,,,9,10,,,,,,,
Indiana Regional,PA,Indiana,,,70,4,,45,17,,,,,,4,
Penn Highlands Brookville,PA,Jefferson,,,2,,,1,1,,,,,,,
Punxsutawney Area,PA,Jefferson,,,13,,,6,5,,,,,1,1,
Geisinger Community,PA,Lackawanna,,,195,2,12,102,28,,,30,,2,19,
Moses Taylor,PA,Lackawanna,,,88,1,,70,12,,,,,2,3,
Regional Scranton,PA,Lackawanna,,,131,15,,31,12,,,30,,41,2,
Ephrata Community,PA,Lancaster,,,84,3,,54,15,,,11,,1,,
Lancaster General,PA,Lancaster,,,762,40,18,411,103,1,,42,,111,34,2
UPMC Pinnacle Lancaster,PA,Lancaster,,,60,5,2,6,7,1,,10,4,18,4,3
UPMC Pinnacle Lititz,PA,Lancaster,,,61,2,,54,5,,,,,,,
Ellwood City,PA,Lawrence,,,3,,,3,,,,,,,,
UPMC Jameson,PA,Lawrence,,,66,3,,35,21,,,3,,4,,
WellSpan Good Samaritan,PA,Lebanon,,,93,1,,72,12,,,4,,2,2,
Lehigh Valley Allentown,PA,Lehigh,,,625,27,43,203,118,12,32,56,34,58,29,13
St Luke's Bethlehem,PA,Lehigh,,,520,19,28,114,96,12,7,73,21,113,26,11
St Luke's Sacred Heart,PA,Lehigh,,,22,,,18,3,,,1,,,,
Surgical Spec Coordinated,PA,Lehigh,,,24,,,24,,,,,,,,
Geisinger Wyoming Valley,PA,Luzerne,,,283,6,29,99,41,13,13,27,8,32,9,6
Lehigh Valley Hazleton,PA,Luzerne,,,38,1,,16,15,1,,1,1,,3,
Wilkes-Barre General,PA,Luzerne,,,197,9,3,71,50,,1,19,,27,14,3
Geisinger Jersey Shore,PA,Lycoming,,,3,,,,3,,,,,,,
Williamsport Regional,PA,Lycoming,,,163,12,7,82,20,,,12,,26,4,
Bradford Regional,PA,McKean,,,27,,,21,5,,,,,,,1
UPMC Kane,PA,McKean,,,2,,,2,,,,,,,,
Grove City,PA,Mercer,,,7,,,,7,,,,,,,
Sharon Regional,PA,Mercer,,,37,2,,12,20,,,1,,,,2
UPMC Horizon,PA,Mercer,,,80,3,,69,6,,,,,2,,
Geisinger Lewistown,PA,Mifflin,,,48,,,34,14,,,,,,,
Lehigh Valley Pocono,PA,Monroe,,,53,,,2,24,,,18,,5,1,3
St Luke's Monroe,PA,Monroe,,,9,1,,1,6,,,,,1,,
Abington Memorial,PA,Montgomery,,,396,6,19,146,82,6,3,49,8,47,24,6
Bryn Mawr,PA,Montgomery,,,366,22,3,155,32,,1,25,,115,10,3
Einstein MC Montgomery,PA,Montgomery,,,139,5,,89,17,,,10,,18,,
Holy Redeemer,PA,Montgomery,,,220,3,,188,22,,,4,,1,2,
Lankenau MC,PA,Montgomery,,,473,4,13,253,65,8,15,33,9,13,48,12
Lansdale,PA,Montgomery,,,79,1,,67,11,,,,,,,
Pottstown,PA,Montgomery,,,18,4,2,4,8,,,,,,,
Suburban Community,PA,Montgomery,,,25,4,,,10,,,1,,9,1,
Geisinger Danville,PA,Montour,,,492,23,43,166,80,12,5,47,24,42,46,4
Coordinated Health Ortho,PA,Northampton,,,7,1,,1,,,,,,5,,
Easton,PA,Northampton,,,66,4,,31,17,1,,5,1,,4,3
St Luke's Anderson,PA,Northampton,,,230,8,,217,5,,,,,,,
Sunbury Community,PA,Northumberland,,,6,1,,,4,,,,,1,,
Albert Einstein,PA,Philadelphia,,,289,8,10,168,36,2,5,16,5,33,4,2
Chestnut Hill,PA,Philadelphia,,,72,3,,52,8,,,,,6,3,
Eastern Regional,PA,Philadelphia,,,167,4,,94,6,2,3,27,1,18,10,2
Hahnemann University,PA,Philadelphia,,,142,5,7,55,21,5,12,8,5,17,3,4
Hospital Fox Chase Cancer,PA,Philadelphia,,,1243,128,,511,55,23,65,144,17,258,31,11
Hospital University PA,PA,Philadelphia,,,1797,65,246,601,117,43,100,233,69,215,61,47
Jeanes,PA,Philadelphia,,,55,2,25,9,16,,,,,,3,
Jefferson Health NE,PA,Philadelphia,,,276,14,6,153,48,,2,7,,30,15,1
Mercy Philadelphia,PA,Philadelphia,,,39,2,,18,10,1,,4,,1,,3
Methodist Division/TJUH,PA,Philadelphia,,,56,1,,21,18,,,,,6,8,2
Nazareth,PA,Philadelphia,,,32,2,,21,7,,,,,,2,
Penn Presbyterian,PA,Philadelphia,,,480,2,8,,36,3,1,100,,313,9,8
Pennsylvania,PA,Philadelphia,,,599,2,37,448,51,6,6,,6,16,20,7
Roxborough Memorial,PA,Philadelphia,,,5,2,,1,1,,,1,,,,
Temple University,PA,Philadelphia,,,421,14,28,107,36,6,13,61,4,128,16,8
Thomas Jefferson Univ,PA,Philadelphia,,,891,39,141,251,66,28,25,92,114,94,17,24
UPMC Cole,PA,Potter,,,9,,,6,3,,,,,,,
Lehigh Valley Schuylkill,PA,Schuylkill,,,8,,,5,2,,,,,1,,
St Luke's Miners,PA,Schuylkill,,,9,2,,6,1,,,,,,,
Somerset,PA,Somerset,,,20,,,8,9,,,,,,3,
Soon-Shiong MC Windber,PA,Somerset,,,72,,,55,17,,,,,,,
Barnes-Kasson County,PA,Susquehanna,,,1,,,,1,,,,,,,
Soldiers & Sailors,PA,Tioga,,,12,,,5,7,,,,,,,
Evangelical Community,PA,Union,,,91,,,76,14,,,,,,1,
UPMC Northwest,PA,Venango,,,47,6,,27,13,,,,,1,,
Warren General,PA,Warren,,,26,,,21,5,,,,,,,
Canonsburg,PA,Washington,,,19,5,,4,6,,,,,4,,
Monongahela Valley,PA,Washington,,,80,4,,55,11,,,3,,2,3,2
Washington,PA,Washington,,,157,2,,57,36,2,,27,,30,2,1
Wayne Memorial,PA,Wayne,,,34,,,23,10,,,,,,1,
Excela Health Latrobe,PA,Westmoreland,,,128,3,,76,27,,,2,,18,1,1
Excela Hlth Westmoreland,PA,Westmoreland,,,158,1,2,65,21,5,,50,,11,3,
Frick,PA,Westmoreland,,,14,1,,8,4,,,,,1,,
Tyler Memorial,PA,Wyoming,,,5,,,3,2,,,,,,,
UPMC Pinnacle Hanover,PA,York,,,89,1,,66,20,,,,,,2,
UPMC Pinnacle Memorial,PA,York,,,34,,,18,14,,,,,,2,
York,PA,York,,,360,5,19,104,79,15,5,91,12,4,20,6
AHMC Anaheim Regional Medical Center,CA,Orange,33.84725,-117.93248,825,4,9,530,137,5,0,86,0,23,17,14
Adventist Medical Center,CA,Kings,36.3256247,-119.6683912,395,4,0,214,94,4,3,8,1,22,40,5
Alameda Hospital,CA,Alameda,37.762953,-122.25362,33,0,0,12,14,0,0,0,0,0,6,1
Alhambra Hospital Medical Center,CA,Los Angeles,34.08988,-118.1449,424,0,0,74,193,2,5,63,0,1,45,41
Alta Bates Summit Medical Center,CA,Alameda,37.82106,-122.26257,1283,2,0,810,206,9,29,61,14,51,60,41
Alta Bates Summit Medical Center – Alta Bates Campus,CA,Alameda,37.85633,-122.25784,541,0,35,397,56,1,3,13,5,16,7,8
Alta Bates Summit Medical Center – Summit Campus – Hawthorne,CA,Alameda,37.82106,-122.26257,781,0,0,519,103,2,14,37,16,43,27,20
Alvarado Hospital,CA,San Diego,32.77708,-117.05683,196,2,10,71,47,1,1,22,0,26,12,4
Anaheim General Hospital,CA,Orange,33.81716,-118.00706,2,0,0,2,0,0,0,0,0,0,0,0
Anaheim Global Medical Center,CA,Orange,33.8209,-117.90921,13,0,0,4,4,0,1,3,0,0,1,0
Antelope Valley Hospital,CA,Los Angeles,34.68928,-118.15767,1164,4,65,597,220,0,15,38,13,127,57,28
Arrowhead Regional Medical Center,CA,San Bernardino,34.07163215,-117.3527761,481,8,70,195,80,4,12,15,7,34,46,10
Bakersfield Heart Hospital,CA,Kern,35.38619,-119.04314,50,0,0,12,31,0,0,1,0,1,1,4
Bakersfield Memorial Hospital,CA,Kern,35.39051,-119.00658,745,6,73,291,194,0,4,79,2,29,53,14
Banner Lassen Medical Center,CA,Lassen,40.42306,-120.64609,3,0,0,1,1,0,0,0,0,0,1,0
Barstow Community Hospital,CA,San Bernardino,34.8935263,-117.0168841,37,0,0,23,10,0,2,0,0,0,2,0
Barton Memorial Hospital,CA,El Dorado,38.91224,-119.99784,124,3,0,69,23,0,0,0,0,25,4,0
Bellflower Medical Center,CA,Los Angeles,33.87466,-118.13052,6,0,0,4,2,0,0,0,0,0,0,0
Beverly Hospital,CA,Los Angeles,34.01614,-118.10132,251,2,5,142,56,0,1,7,1,10,16,11
Biggs Gridley Memorial Hospital,CA,Butte,39.36705,-121.69058,5,0,0,1,4,0,0,0,0,0,0,0
California Hospital Medical Center – Los Angeles,CA,Los Angeles,34.03721,-118.26551,638,1,19,446,73,1,8,11,7,12,36,24
California Pacific Medical Center – Davies Campus,CA,San Francisco,37.7691,-122.43465,360,0,97,255,6,0,0,0,0,2,0,0
California Pacific Medical Center – Pacific Campus,CA,San Francisco,37.79149,-122.43102,2875,5,73,1571,308,31,235,112,245,38,200,57
California Pacific Medical Center – St. Luke’s Campus,CA,San Francisco,37.74799,-122.42052,89,0,0,37,39,0,0,0,1,1,9,2
Casa Colina Hospital,CA,Los Angeles,34.09633,-117.74561,42,0,2,27,5,0,0,0,0,6,2,0
Cedars Sinai Medical Center,CA,Los Angeles,34.07681,-118.38061,7075,107,668,3267,587,73,244,710,220,827,261,111
Centinela Hospital Medical Center,CA,Los Angeles,33.94917,-118.34788,189,0,15,55,70,0,1,24,0,5,8,11
Chapman Global Medical Center,CA,Orange,33.78785,-117.82586,4,0,0,0,1,0,0,0,0,0,2,1
Chapman Medical Center,CA,Orange,33.78785,-117.82586,5,0,0,1,2,0,0,0,0,0,2,0
Chinese Hospital,CA,San Francisco,37.79565,-122.40926,224,3,0,73,88,0,3,0,2,2,27,26
Chino Valley Medical Center,CA,San Bernardino,34.02626,-117.687,90,0,0,51,28,0,0,0,0,2,6,3
Citrus Valley Medical Center – Inter Community Campus,CA,Los Angeles,34.08993,-117.89264,288,1,10,135,84,0,0,34,1,1,16,6
Citrus Valley Medical Center – Queen of the Valley Campus,CA,Los Angeles,34.06242,-117.94528,785,15,43,186,101,0,2,10,2,384,27,15
City of Hope Helford Clinical Research Hospital,CA,Los Angeles,34.13216,-117.97152,5406,198,307,2190,276,47,372,260,94,1330,188,144
Clovis Community Medical Center,CA,Fresno,36.83745,-119.66072,2193,11,0,1660,211,11,7,35,12,153,65,28
Coast Plaza Hospital,CA,Los Angeles,33.91264,-118.09906,32,0,0,9,13,0,0,0,0,0,7,3
Coastal Communities Hospital,CA,Orange,33.71112,-117.88539,78,0,0,66,7,0,0,0,0,1,3,1
College Medical Center,CA,Los Angeles,33.80759,-118.19355,30,1,0,8,15,0,0,2,0,1,2,1
Colorado River Medical Center,CA,San Bernardino,34.8325,-114.61818,2,0,0,1,0,0,0,0,0,0,1,0
Colusa Regional Medical Center,CA,Colusa,39.20727,-122.00031,1,0,0,0,1,0,0,0,0,0,0,0
Community Hospital Long Beach,CA,Los Angeles,33.78871,-118.14578,22,0,0,4,11,0,1,0,1,1,2,2
Community Hospital of San Bernardino,CA,San Bernardino,34.13138,-117.32245,168,0,0,116,31,0,2,0,0,0,15,4
Community Hospital of The Monterey Peninsula,CA,Monterey,36.59827,-121.92488,833,2,62,343,169,5,15,91,21,18,79,28
Community Memorial Hospital – San Buenaventura,CA,Ventura,34.274589,-119.258124,1349,9,41,730,184,0,7,49,3,261,57,8
Community Regional Medical Center – Fresno,CA,Fresno,36.74253,-119.78324,1329,4,293,269,205,4,65,118,58,192,90,31
Community and Mission Hospital of Huntington Park – Slauson,CA,Los Angeles,33.98929,-118.22466,28,0,0,11,9,0,0,0,0,2,3,3
Contra Costa Regional Medical Center,CA,Contra Costa,38.00646,-122.13101,409,0,0,277,86,0,2,0,1,2,30,11
Corona Regional Medical Center – Main,CA,Riverside,33.8733354,-117.5668015,324,0,1,240,55,0,3,1,2,1,17,4
Dameron Hospital,CA,San Joaquin,37.9613,-121.30061,76,0,0,19,38,0,1,5,3,0,8,2
Delano Regional Medical Center,CA,Kern,35.76143,-119.23706,69,0,0,33,24,0,0,0,0,1,6,5
Desert Regional Medical Center,CA,Riverside,33.83932,-116.54549,1217,0,120,611,164,9,13,145,5,37,88,25
Desert Valley Hospital,CA,San Bernardino,34.47093,-117.29778,237,7,0,36,38,0,1,10,0,135,9,1
Doctors Hospital of Manteca,CA,San Joaquin,37.80118,-121.19818,239,0,0,186,49,0,0,1,0,0,3,0
Doctors Medical Center,CA,Stanislaus,37.66439,-120.99631,1341,12,85,735,195,1,8,68,18,142,59,18
Doctors Medical Center – San Pablo,CA,Contra Costa,37.95279,-122.33866,64,1,0,30,22,0,0,0,0,1,8,2
Dominican Hospital,CA,Santa Cruz,36.98806,-121.98489,642,17,114,228,120,1,5,51,0,59,43,4
East Los Angeles Doctors Hospital,CA,Los Angeles,34.02383,-118.18377,28,1,0,10,10,0,0,0,0,1,5,1
Eden Medical Center,CA,Alameda,37.6983769,-122.0874055,567,8,132,262,95,2,6,23,2,7,24,6
Eisenhower Medical Center,CA,Riverside,33.76418,-116.40808,1930,17,71,695,390,2,12,224,7,336,154,22
El Camino Hospital,CA,Santa Clara,37.36779,-122.07801,1620,28,54,564,312,2,36,142,39,338,73,32
El Centro Regional Medical Center,CA,Imperial,32.78138,-115.49824,247,2,1,80,51,0,1,4,0,98,7,3
Emanuel Medical Center,CA,Stanislaus,37.51052,-120.83966,295,1,0,137,101,0,6,3,2,1,41,3
Encino Hospital Medical Center,CA,Los Angeles,34.15686,-118.48662,7,0,0,2,4,0,0,0,0,0,0,1
Enloe Medical Center – Esplanade,CA,Butte,39.74224,-121.84922,1282,11,40,811,185,0,2,83,1,50,92,7
Fairchild Medical Center,CA,Siskiyou,41.71865,-122.64353,105,0,0,67,37,0,0,0,0,0,1,0
Fallbrook Hospital District,CA,San Diego,33.38026,-117.24509,29,0,0,26,3,0,0,0,0,0,0,0
Feather River Hospital,CA,Butte,39.75641,-121.57218,397,1,0,290,66,0,1,19,1,1,18,0
Foothill Presbyterian Hospital – Johnston Memorial,CA,Los Angeles,34.13384,-117.87244,311,1,14,153,75,0,3,7,0,42,15,1
Foothill Regional Medical Center,CA,Orange,.,.,13,0,0,1,7,0,0,1,1,0,3,0
Fountain Valley Regional Hospital and Medical Center – Euclid,CA,Orange,33.71546,-117.93694,1060,11,41,406,206,4,78,94,33,40,106,41
Frank R. Howard Memorial Hospital,CA,Mendocino,39.40079,-123.34973,10,0,0,1,8,0,0,0,0,0,1,0
French Hospital Medical Center,CA,San Luis Obispo,35.27801,-120.64977,222,2,0,70,54,1,0,15,2,70,6,2
Fresno Heart and Surgical Hospital,CA,Fresno,36.8611,-119.78931,193,0,0,0,67,1,3,81,6,0,30,5
Fresno Surgical Hospital,CA,Fresno,36.82531,-119.78155,384,0,0,356,0,0,0,0,0,28,0,0
Garden Grove Hospital and Medical Center,CA,Orange,33.7745089,-117.9130315,53,0,2,11,25,0,0,0,0,1,7,7
Gardens Regional Hospital and Medical Center,CA,Los Angeles,33.83352,-118.08169,42,0,0,19,12,0,0,0,1,2,7,1
Garfield Medical Center,CA,Los Angeles,34.06826,-118.12302,789,1,47,341,141,5,3,113,5,47,51,35
George L. Mee Memorial Hospital,CA,Monterey,36.2071,-121.1325,1,0,0,0,1,0,0,0,0,0,0,0
Glendale Adventist Medical Center,CA,Los Angeles,34.14951,-118.23109,935,13,69,432,171,6,14,35,23,81,65,26
Glendale Memorial Hospital and Medical Center,CA,Los Angeles,34.1284,-118.25769,565,3,12,184,168,0,3,77,0,7,96,15
Glendora Community Hospital,CA,Los Angeles,34.12867,-117.86609,8,0,0,3,4,0,0,0,0,0,0,1
Goleta Valley Cottage Hospital,CA,Santa Barbara,34.43336,-119.80929,91,0,0,90,0,0,0,0,0,1,0,0
Good Samaritan Hospital – Bakersfield,CA,Kern,35.41216,-119.03913,9,0,0,3,1,0,0,0,0,5,0,0
Good Samaritan Hospital – Los Angeles,CA,Los Angeles,34.05324,-118.26522,434,1,34,127,86,0,53,26,30,8,31,38
Good Samaritan Hospital – San Jose,CA,Santa Clara,37.25116,-121.9449,1473,2,83,836,230,6,15,101,18,106,60,16
Greater El Monte Community Hospital,CA,Los Angeles,34.04827,-118.04257,18,0,0,6,7,0,0,0,0,2,3,0
Grossmont Hospital,CA,San Diego,32.77963,-117.00924,1082,6,99,459,253,6,6,98,22,70,48,15
Hazel Hawkins Memorial Hospital,CA,San Benito,36.835,-121.38609,81,0,0,55,24,0,0,0,0,1,1,0
Healdsburg District Hospital,CA,Sonoma,38.62764,-122.86385,5,0,0,1,4,0,0,0,0,0,0,0
Hemet Valley Medical Center,CA,Riverside,33.75113,-116.95958,434,7,0,197,110,0,4,0,2,83,29,2
Henry Mayo Newhall Hospital,CA,Los Angeles,34.39637,-118.55324,311,2,39,151,58,2,4,19,0,14,18,4
Hi-Desert Medical Center,CA,San Bernardino,34.13323,-116.27654,19,0,0,4,14,0,0,0,0,0,1,0
Highland Hospital,CA,Alameda,37.79917,-122.2312,467,3,12,211,80,9,3,35,7,60,37,10
Hoag Memorial Hospital Presbyterian,CA,Orange,33.62526,-117.92949,5372,50,391,2834,469,55,95,361,113,808,156,40
Hollywood Presbyterian Medical Center,CA,Los Angeles,34.09557,-118.29163,547,0,17,268,130,1,4,18,2,9,30,68
Huntington Beach Hospital,CA,Orange,33.70442,-117.98895,13,0,0,0,9,0,0,1,0,1,1,1
Huntington Memorial Hospital,CA,Los Angeles,34.13565,-118.1518,2365,61,106,582,328,20,89,149,77,734,139,80
John F. Kennedy Memorial Hospital,CA,Riverside,33.70677,-116.23391,146,0,0,100,36,1,1,3,0,0,5,0
John Muir Medical Center – Concord Campus,CA,Contra Costa,37.98615,-122.03874,910,11,0,195,174,27,0,134,2,236,117,14
John Muir Medical Center – Walnut Creek Campus,CA,Contra Costa,37.91434,-122.04183,1046,7,171,485,180,0,27,130,8,9,19,10
Kaiser Foundation Hospital – Antioch,CA,Contra Costa,37.951975,-121.776854,878,16,0,507,136,0,107,0,44,10,36,22
Kaiser Foundation Hospital – Baldwin Park,CA,Los Angeles,34.06348,-117.986,1697,19,0,1284,275,0,3,0,3,14,78,21
Kaiser Foundation Hospital – Downey,CA,Los Angeles,33.9171234,-118.1290216,2992,14,0,1270,256,11,0,114,37,1207,39,44
Kaiser Foundation Hospital – Fontana,CA,San Bernardino,34.0725,-117.43549,4000,58,164,2175,451,46,13,216,13,655,164,45
Kaiser Foundation Hospital – Fremont,CA,Alameda,37.55055,-121.97483,393,4,0,256,102,0,0,1,1,0,25,4
Kaiser Foundation Hospital – Fresno,CA,Fresno,36.84246,-119.7832,739,1,22,560,134,0,0,6,0,2,9,5
Kaiser Foundation Hospital – Hayward,CA,Alameda,37.62593,-122.09338,468,13,0,295,69,1,14,28,7,4,25,12
Kaiser Foundation Hospital – Manteca,CA,San Joaquin,37.79751,-121.24612,1523,17,0,870,263,34,1,191,2,38,91,16
Kaiser Foundation Hospital – Moreno Valley,CA,Riverside,33.89519,-117.18094,249,0,0,195,49,0,0,0,0,0,3,2
Kaiser Foundation Hospital – Oakland Campus,CA,Alameda,37.82425,-122.25792,866,34,0,452,109,24,23,66,23,74,37,24
Kaiser Foundation Hospital – Oakland/Richmond,CA,Alameda,37.82402,-122.25791,2129,61,0,974,234,66,151,284,99,121,112,27
Kaiser Foundation Hospital – Orange County – Anaheim,CA,Orange,33.8544317,-117.8439815,3211,70,130,2132,371,26,42,164,48,37,147,44
Kaiser Foundation Hospital – Panorama City,CA,Los Angeles,34.21975,-118.43009,1458,8,0,838,225,17,16,251,28,5,24,46
Kaiser Foundation Hospital – Redwood City,CA,San Mateo,37.48948,-122.2232,578,2,288,213,48,1,0,14,0,0,4,8
Kaiser Foundation Hospital – Redwood City,CA,San Mateo,37.48967,-122.22463,767,14,417,263,64,0,1,5,0,1,2,0
Kaiser Foundation Hospital – Rehabilitation Center Vallejo,CA,Solano,38.12839,-122.24761,1395,15,0,998,174,25,1,89,0,4,83,6
Kaiser Foundation Hospital – Riverside,CA,Riverside,33.9063,-117.47082,1636,17,0,1036,257,24,37,106,28,7,101,23
Kaiser Foundation Hospital – Roseville,CA,Placer,38.74636,-121.25107,2332,30,0,1750,317,16,4,73,2,29,104,7
Kaiser Foundation Hospital – Sacramento,CA,Sacramento,38.60197,-121.39232,1971,10,343,1062,251,2,86,38,69,3,58,49
Kaiser Foundation Hospital – San Diego,CA,San Diego,32.79287,-117.09447,3496,24,120,2420,365,34,60,263,42,61,67,40
Kaiser Foundation Hospital – San Francisco,CA,San Francisco,37.78274,-122.44289,1806,22,0,843,190,9,152,76,117,206,169,22
Kaiser Foundation Hospital – San Jose,CA,Santa Clara,37.23924,-121.80269,1275,26,0,838,212,0,56,0,38,27,66,12
Kaiser Foundation Hospital – San Leandro,CA,Alameda,37.70611,-122.16917,427,4,0,278,91,0,5,9,5,1,25,9
Kaiser Foundation Hospital – San Rafael,CA,Marin,38.0041,-122.55376,880,13,0,684,169,0,0,0,0,10,3,1
Kaiser Foundation Hospital – Santa Clara,CA,Santa Clara,37.334597,-121.995774,3027,59,0,1676,303,22,12,238,6,601,57,53
Kaiser Foundation Hospital – Santa Rosa,CA,Sonoma,38.47087,-122.73119,1079,17,0,885,155,0,1,3,0,2,14,2
Kaiser Foundation Hospital – South Bay,CA,Los Angeles,33.789,-118.29415,1676,14,0,1258,220,11,14,0,42,17,52,48
Kaiser Foundation Hospital – South Sacramento,CA,Sacramento,38.47144,-121.42409,2816,126,0,1141,235,34,25,255,2,874,101,23
Kaiser Foundation Hospital – South San Francisco,CA,San Mateo,37.65806,-122.43837,925,8,0,598,137,4,5,43,12,0,36,82
Kaiser Foundation Hospital – Sunset,CA,Los Angeles,34.09823,-118.29545,3108,119,298,1174,245,36,384,204,89,310,172,77
Kaiser Foundation Hospital – Vacaville,CA,Solano,38.3894968,-121.9373177,317,19,54,133,79,4,1,15,0,8,3,1
Kaiser Foundation Hospital – Walnut Creek,CA,Contra Costa,37.8923,-122.05828,2260,46,0,1598,342,6,6,71,2,55,129,5
Kaiser Foundation Hospital – West Los Angeles,CA,Los Angeles,34.03793,-118.37568,2841,16,0,1075,216,5,33,99,42,1241,81,33
Kaiser Foundation Hospital – Woodland Hills,CA,Los Angeles,34.17198,-118.58829,1574,32,0,1198,200,0,15,0,4,34,77,14
Kaweah Delta Medical Center,CA,Tulare,36.32753,-119.29345,1055,12,14,583,189,3,4,36,4,128,64,18
Keck Hospital of University of Southern California,CA,Los Angeles,34.06284,-118.20287,4762,750,286,481,209,155,468,143,192,1719,257,102
Kern Medical Center,CA,Kern,35.380833,-118.967222,329,1,17,192,39,3,20,7,5,22,16,7
La Palma Intercommunity Hospital,CA,Orange,33.8485,-118.03737,41,0,0,3,26,0,1,1,0,0,4,6
Lakewood Regional Medical Center,CA,Los Angeles,33.86016,-118.14837,367,2,24,121,93,6,3,31,6,44,14,23
Lodi Memorial Hospital,CA,San Joaquin,38.12146,-121.2859,316,12,0,130,67,0,2,7,1,82,12,3
Loma Linda University Medical Center,CA,San Bernardino,34.05164,-117.26146,2287,131,227,719,208,26,144,144,83,447,125,33
Loma Linda University Medical Center – Murrieta,CA,Riverside,33.6122263,-117.1624483,654,1,34,363,132,0,2,52,0,25,38,7
Lompoc Valley Medical Center,CA,Santa Barbara,34.639252,-120.4396497,109,0,0,38,60,0,1,0,0,0,7,3
Long Beach Memorial Medical Center,CA,Los Angeles,33.80801,-118.1852,2027,2,117,1129,316,6,28,178,4,78,144,25
Los Alamitos Medical Center,CA,Orange,33.80327,-118.0674,997,6,41,605,103,0,10,22,4,161,35,10
Los Angeles Community Hospital,CA,Los Angeles,34.01897,-118.1875,49,2,0,7,21,0,0,2,0,8,8,1
Los Angeles County/Harbor – UCLA Medical Center,CA,Los Angeles,33.83149,-118.29332,1023,10,89,482,149,3,20,25,24,94,89,38
Los Angeles County/Olive View – UCLA Medical Center,CA,Los Angeles,34.32418,-118.45255,834,24,0,473,117,7,25,20,9,48,64,47
Los Angeles County/Rancho Los Amigos National Rehabilitation Center,CA,Los Angeles,33.92723,-118.15795,1,0,1,0,0,0,0,0,0,0,0,0
Los Angeles County/University of Southern California Medical Center,CA,Los Angeles,34.05982,-118.21031,1520,42,207,623,206,6,67,41,51,106,111,60
Los Robles Hospital and Medical Center,CA,Ventura,34.20539,-118.89297,1305,5,54,642,187,4,21,77,25,225,52,13
Mad River Community Hospital,CA,Humboldt,40.90351,-124.09038,60,0,0,25,25,2,0,3,0,0,4,1
Madera Community Hospital,CA,Madera,36.94535,-120.04561,165,0,0,87,55,0,5,0,0,4,13,1
Mammoth Hospital,CA,Mono,37.64524,-118.96408,12,0,0,0,0,0,0,0,0,12,0,0
Marian Regional Medical Center,CA,Santa Barbara,34.95198,-120.41338,1160,7,25,782,142,0,2,19,0,155,20,8
Marian Regional Medical Center – Arroyo Grande,CA,San Luis Obispo,35.11369,-120.59147,126,0,0,27,51,3,1,24,6,1,7,6
Marin General Hospital,CA,Marin,37.94651,-122.53715,1092,33,53,749,76,0,4,21,7,129,17,3
Marina Del Rey Hospital,CA,Los Angeles,33.98125,-118.43971,221,0,0,138,44,0,1,14,0,8,14,2
Mark Twain Medical Center,CA,Calaveras,38.19021,-120.67105,66,0,0,54,11,0,0,0,0,0,1,0
Marshall Medical Center,CA,El Dorado,38.72557326,-120.7909638,363,1,0,205,65,0,4,18,2,43,21,4
Memorial Hospital Los Banos,CA,Merced,37.06273,-120.86147,18,0,0,13,5,0,0,0,0,0,0,0
Memorial Hospital Medical Center – Modesto,CA,Stanislaus,37.66727,-120.97546,1070,1,40,649,194,5,6,55,20,15,75,10
Memorial Hospital of Gardena,CA,Los Angeles,33.89246,-118.29493,84,1,0,44,30,0,0,2,0,1,5,1
Mendocino Coast District Hospital,CA,Mendocino,39.4326,-123.80068,52,0,0,37,13,0,0,0,0,0,2,0
Menifee Valley Medical Center,CA,Riverside,33.72146,-117.15691,166,1,0,113,36,0,1,0,0,0,6,9
Menlo Park Surgical Hospital,CA,San Mateo,37.45797,-122.16212,352,0,0,352,0,0,0,0,0,0,0,0
Mercy General Hospital,CA,Sacramento,38.56955,-121.45271,1081,5,59,608,224,0,5,2,9,38,112,19
Mercy Hospital of Folsom,CA,Sacramento,38.67223,-121.1428,251,7,0,126,38,0,2,0,1,67,10,0
Mercy Hospital – Bakersfield,CA,Kern,35.37323,-119.02715,631,3,19,416,77,0,2,12,2,74,22,4
Mercy Hospital – Folsom,CA,Sacramento,38.67223,-121.1428,184,4,0,64,28,0,0,0,0,84,4,0
Mercy Medical Center Mt. Shasta,CA,Siskiyou,41.31896,-122.323,50,0,0,27,19,0,0,0,0,0,4,0
Mercy Medical Center – Merced,CA,Merced,37.3402309,-120.4651815,297,0,0,155,101,0,5,0,0,13,20,3
Mercy Medical Center – Redding,CA,Shasta,40.57204,-122.39742,774,9,101,168,137,0,2,135,3,185,29,5
Mercy San Juan Hospital,CA,Sacramento,38.66818,-121.31261,1289,5,114,417,173,20,4,217,2,250,78,9
Methodist Hospital of Sacramento,CA,Sacramento,38.46416,-121.41744,657,1,0,528,86,0,2,0,5,1,22,12
Methodist Hospital of Southern California,CA,Los Angeles,34.13603,-118.03879,631,3,33,290,177,4,13,19,8,0,67,17
Mission Community Hospital – Panorama Campus,CA,Los Angeles,34.22138,-118.45639,126,2,1,50,22,0,0,2,0,47,1,1
Mission Hospital Laguna Beach,CA,Orange,33.4997391,-117.7422502,91,0,0,44,33,0,1,2,0,0,10,1
Mission Hospital Regional Medical Center,CA,Orange,33.56279,-117.66768,861,7,115,243,163,16,1,167,12,98,28,11
Monrovia Medical Center,CA,Los Angeles,34.1491,-117.99225,1,0,0,0,1,0,0,0,0,0,0,0
Montclair Hospital Medical Center,CA,San Bernardino,34.07774,-117.69603,56,0,0,41,11,0,1,0,0,0,3,0
Monterey Park Hospital,CA,Los Angeles,34.05308,-118.13665,219,1,0,141,48,0,4,5,1,1,14,4
Natividad Medical Center,CA,Monterey,36.69686,-121.6297,106,0,0,54,32,0,1,4,0,3,9,3
North Bay Medical Center,CA,Solano,38.26097,-122.05076,308,7,38,153,68,0,3,21,2,3,11,2
Northern Inyo Hospital,CA,Inyo,37.36207,-118.40756,52,0,0,30,19,0,0,0,0,1,2,0
Northridge Hospital Medical Center,CA,Los Angeles,34.22075,-118.53186,420,1,26,137,79,2,7,45,14,74,20,15
Norwalk Community Hospital,CA,Los Angeles,33.91108,-118.0644,35,0,0,7,9,0,2,1,2,3,9,2
Novato Community Hospital,CA,Marin,38.09749,-122.55887,52,0,0,34,12,0,0,0,0,3,3,0
Oak Valley District Hospital,CA,Stanislaus,37.75782,-120.86031,31,0,0,12,16,0,0,0,0,0,3,0
Ojai Valley Community Hospital,CA,Ventura,34.44221,-119.26311,13,0,0,7,6,0,0,0,0,0,0,0
Olympia Medical Center,CA,Los Angeles,34.05754,-118.36008,125,2,0,64,22,0,0,3,0,21,7,6
Orange Coast Memorial Medical Center,CA,Orange,33.70162,-117.95524,1523,12,48,643,252,2,162,97,75,72,110,50
Orange County Global Medical Center,CA,Orange,33.75361,-117.83398,87,0,18,48,10,0,1,2,1,1,4,2
Oroville Hospital,CA,Butte,39.50485,-121.5428,346,2,0,131,54,0,1,3,0,134,14,7
O’Connor Hospital,CA,Santa Clara,37.32714,-121.93727,709,3,26,302,138,2,21,115,25,2,48,27
PIH Hospital – Downey,CA,Los Angeles,33.93515,-118.13196,429,5,20,232,99,0,0,16,0,14,16,27
Pacific Alliance Medical Center,CA,Los Angeles,34.06464,-118.23905,120,0,4,63,30,0,2,5,0,7,2,7
Pacifica Hospital of the Valley,CA,Los Angeles,34.24088,-118.39555,32,0,0,22,7,0,0,0,0,0,1,2
Palm Drive Hospital,CA,Sonoma,38.39836,-122.82111,13,0,0,2,6,0,0,0,0,4,1,0
Palmdale Regional Medical Center,CA,Los Angeles,34.5843754,-118.1443461,252,1,26,48,94,0,3,13,1,31,24,11
Palo Verde Hospital,CA,Riverside,33.61315,-114.5956,31,0,0,6,17,0,1,0,0,4,3,0
Palomar Health Downtown Campus,CA,San Diego,33.12622,-117.07585,1788,81,72,557,222,4,4,42,1,745,41,19
Paradise Valley Hospital,CA,San Diego,32.6863293,-117.0830382,31,0,2,3,19,0,0,2,0,2,3,0
Parkview Community Hospital Medical Center,CA,Riverside,33.92573,-117.43996,361,3,0,232,69,1,2,0,1,40,10,3
Patients’ Hospital of Redding,CA,Shasta,40.58563,-122.41632,445,0,0,445,0,0,0,0,0,0,0,0
Peninsula Medical Center,CA,San Mateo,37.5944692,-122.3832465,1705,16,20,1164,183,24,31,85,35,61,66,20
Petaluma Valley Hospital,CA,Sonoma,38.25323,-122.63302,67,0,0,24,27,0,0,0,0,1,13,2
Pioneers Memorial Healthcare District,CA,Imperial,32.96003,-115.55183,114,0,10,75,27,0,0,0,0,2,0,0
Placentia Linda Hospital,CA,Orange,33.88704521,-117.8431129,260,0,0,160,57,0,0,2,1,23,15,2
Plumas District Hospital,CA,Plumas,39.93938,-120.96244,18,0,0,10,6,0,0,0,0,0,2,0
Pomerado Hospital,CA,San Diego,32.99563,-117.05784,353,1,0,270,60,0,1,0,1,4,12,4
Pomona Valley Hospital Medical Center,CA,Los Angeles,34.07852,-117.75234,1243,1,56,773,215,0,5,33,10,75,47,28
Presbyterian Intercommunity Hospital,CA,Los Angeles,33.96775,-118.04671,1381,17,36,777,220,6,14,114,8,84,74,31
Priscilla Chan & Mark Zuckerberg San Francisco General Hospital & Trauma Center,CA,San Francisco,37.75657,-122.40637,213,7,16,109,29,0,2,14,2,11,12,11
Promise Hospital of East Los Angeles – East Los Angeles Campus,CA,Los Angeles,34.03996,-118.21227,4,0,0,2,2,0,0,0,0,0,0,0
Providence Holy Cross Medical Center,CA,Los Angeles,34.2791,-118.45951,1096,3,46,439,212,8,38,79,23,149,66,33
Providence Little Company of Mary Medical Center – San Pedro,CA,Los Angeles,33.73798,-118.30557,193,1,8,120,32,0,5,6,1,8,10,2
Providence Little Company of Mary Medical Center – Torrance,CA,Los Angeles,33.83767,-118.35708,1288,11,28,691,183,1,46,54,31,162,60,21
Providence Saint John’s Health Center,CA,Los Angeles,34.0298085,-118.478687,1509,12,154,542,137,11,38,249,24,280,47,15
Providence Saint Joseph Medical Center,CA,Los Angeles,34.1559,-118.32711,1594,19,69,831,223,5,10,120,12,203,77,25
Providence Tarzana Medical Center,CA,Los Angeles,34.16985,-118.53136,1037,5,16,614,156,1,5,35,2,100,84,19
Queen of the Valley Hospital – Napa,CA,Napa,38.32363,-122.296,210,4,6,106,25,2,0,21,0,33,9,4
Queen of the Valley Medical Center,CA,Napa,38.32363,-122.296,221,1,6,116,32,2,4,24,1,26,6,3
Redlands Community Hospital,CA,San Bernardino,34.03699,-117.2044,872,19,18,474,164,0,7,24,1,106,43,16
Redwood Memorial Hospital,CA,Humboldt,40.58267,-124.13549,116,0,0,78,29,0,0,2,0,0,6,1
Regional Medical of San Jose,CA,Santa Clara,37.36332,-121.84837,452,1,38,188,114,1,11,27,1,10,39,22
Rideout Memorial Hospital,CA,Yuba,39.138222,-121.594363,397,2,24,105,70,2,7,116,2,35,26,8
Ridgecrest Regional Hospital,CA,Kern,35.6404,-117.66996,60,0,0,40,17,0,0,0,1,0,2,0
Riverside Community Hospital,CA,Riverside,33.97641,-117.37997,1581,11,44,732,319,11,24,94,41,172,101,32
Riverside County Regional Medical Center,CA,Riverside,33.91187,-117.19525,323,9,25,155,44,0,13,19,1,21,30,6
Riverside University Health System – Medical Center,CA,Riverside,33.91187,-117.19525,181,8,15,78,28,1,2,7,3,13,21,5
Ronald Reagan UCLA Medical Center,CA,Los Angeles,34.068889,-118.445,4000,158,636,1185,264,64,229,380,270,553,172,89
Saddleback Memorial Medical Center,CA,Orange,33.60796,-117.70837,1235,10,50,659,170,7,0,118,1,172,37,11
Saint Agnes Medical Center,CA,Fresno,36.8370782,-119.7649963,1252,5,26,598,182,5,35,91,17,193,84,16
Saint Bernardine Medical Center,CA,San Bernardino,34.1341,-117.27865,1114,23,35,338,121,0,9,58,4,464,49,13
Saint Elizabeth Community Hospital,CA,Tehama,40.1495,-122.21887,99,0,0,40,51,0,2,0,0,0,5,1
Saint Francis Medical Center,CA,Los Angeles,33.93085,-118.20415,348,6,24,194,70,0,2,16,2,18,11,5
Saint Francis Memorial Hospital,CA,San Francisco,37.78917,-122.41695,87,0,5,18,26,0,1,19,0,7,4,7
Saint Helena Hospital,CA,Napa,38.53937349,-122.473003,249,0,0,68,47,11,3,90,2,1,23,4
Saint Helena Hospital – Clearlake,CA,Lake,38.93556,-122.6201,31,0,0,20,10,0,0,0,0,0,1,0
Saint John’s Health Center,CA,Los Angeles,34.0298085,-118.478687,767,4,114,371,108,2,36,48,18,24,20,22
Saint John’s Pleasant Valley Hospital,CA,Ventura,34.24177,-119.018,270,0,0,204,55,0,0,0,1,0,8,2
Saint John’s Regional Medical Center,CA,Ventura,34.21687,-119.15819,655,2,20,360,114,0,1,74,1,29,42,12
Saint Joseph Hospital – Eureka,CA,Humboldt,40.7832,-124.14216,628,9,18,372,88,3,6,54,9,35,23,11
Saint Joseph Hospital – Orange,CA,Orange,33.7823,-117.86516,2472,6,123,1318,280,7,51,225,58,256,105,43
Saint Joseph’s Medical Center of Stockton,CA,San Joaquin,37.97075,-121.2891,951,19,37,407,194,7,29,136,13,16,71,22
Saint Jude Medical Center,CA,Orange,33.89349,-117.92851,1874,8,112,1022,263,0,13,71,16,257,90,22
Saint Louise Regional Hospital,CA,Santa Clara,37.03731,-121.57411,168,0,1,112,35,0,1,0,0,2,14,3
Saint Mary Medical Center – Apple Valley,CA,San Bernardino,34.54053,-117.26535,561,6,0,256,126,0,4,33,0,99,34,3
Saint Mary Medical Center – Long Beach,CA,Los Angeles,33.7802376,-118.1866412,182,2,14,77,40,1,0,28,2,4,7,7
"Saint Mary’s Medical Center, San Francisco",CA,San Francisco,37.77408,-122.45441,391,2,0,294,39,0,1,33,1,2,12,7
Saint Rose Hospital,CA,Alameda,37.63291,-122.08962,150,1,0,76,46,0,5,0,0,2,12,8
Saint Vincent Medical Center,CA,Los Angeles,34.06311,-118.27302,659,4,32,236,130,2,32,47,26,29,54,67
Salinas Valley Memorial Hospital,CA,Monterey,36.66022,-121.6481,636,0,42,342,120,2,5,37,11,12,38,27
San Antonio Community Hospital,CA,San Bernardino,34.10056,-117.63828,663,0,28,363,119,0,1,41,1,68,30,12
San Antonio Regional Hospital,CA,San Bernardino,34.10056,-117.63828,536,0,28,270,101,0,4,44,3,39,31,16
San Dimas Community Hospital,CA,Los Angeles,34.09922,-117.83218,115,0,0,52,51,0,0,1,0,1,9,1
San Francisco General Hospital,CA,San Francisco,37.75657,-122.40637,387,4,20,192,80,1,1,33,7,15,21,13
San Gabriel Valley Medical Center,CA,Los Angeles,34.1024,-118.10503,312,0,16,197,58,0,1,4,0,0,25,11
San Gorgonio Memorial Hospital,CA,Riverside,33.9295,-116.94678,91,0,0,61,26,0,0,0,0,0,4,0
San Joaquin Community Hospital,CA,Kern,35.383064,-119.018775,1041,3,53,567,229,0,4,35,4,84,48,14
San Joaquin General Hospital,CA,San Joaquin,37.88594,-121.28918,245,6,6,116,67,0,4,6,6,5,21,8
San Leandro Hospital,CA,Alameda,37.71364,-122.14067,126,0,0,89,27,0,2,0,0,0,6,2
San Mateo Medical Center,CA,San Mateo,37.53017,-122.29951,324,0,4,249,44,2,1,4,5,0,7,8
San Ramon Regional Medical Center,CA,Contra Costa,37.77713,-121.96076,590,2,0,391,92,0,1,24,0,59,19,2
Santa Barbara Cottage Hospital,CA,Santa Barbara,34.42943,-119.72318,1315,10,117,579,220,7,23,154,27,89,75,14
Santa Clara Valley Medical Center,CA,Santa Clara,37.31346,-121.93202,1190,27,77,654,172,6,22,64,9,79,55,25
Santa Monica – UCLA Medical Center and Orthopedic Hospital,CA,Los Angeles,34.02755,-118.48623,1488,48,25,961,117,2,1,19,3,244,35,33
Santa Rosa Memorial Hospital – Montgomery,CA,Sonoma,38.44304,-122.70114,834,0,51,593,95,2,4,51,2,18,14,4
Scripps Green Hospital,CA,San Diego,32.89654,-117.2419,2069,14,62,1267,258,10,70,73,36,176,83,20
Scripps Memorial Hospital – Encinitas,CA,San Diego,33.0363,-117.28495,731,1,39,462,156,0,7,21,2,10,29,4
Scripps Memorial Hospital – La Jolla,CA,San Diego,32.88506,-117.22279,1811,1,99,1271,191,6,16,98,4,21,87,17
Scripps Mercy Hospital,CA,San Diego,32.75128,-117.1609,2438,110,39,800,458,4,29,113,14,631,200,40
Seneca Healthcare District,CA,Plumas,40.30518,-121.23421,2,0,0,2,0,0,0,0,0,0,0,0
Sequoia Hospital,CA,San Mateo,37.48129,-122.25377,436,5,6,157,89,1,6,29,1,112,26,4
Seton Medical Center,CA,San Mateo,37.68172,-122.47283,283,5,4,162,55,0,1,17,1,2,18,18
Sharp Chula Vista Medical Center,CA,San Diego,32.61909,-117.02488,1235,1,54,780,186,9,5,52,9,27,82,30
Sharp Coronado Hospital and Healthcare Center,CA,San Diego,32.69427,-117.16808,46,0,0,9,17,0,0,10,0,0,9,1
Sharp Memorial Hospital,CA,San Diego,32.80016,-117.15531,3425,38,139,2075,435,11,70,154,31,283,152,37
Shasta Regional Medical Center,CA,Shasta,40.5855423,-122.3862952,154,0,0,6,83,1,1,45,1,2,10,5
Sherman Oaks Hospital,CA,Los Angeles,34.15995,-118.4488,22,0,0,2,15,0,1,0,0,0,3,1
Sierra Nevada Memorial Hospital,CA,Nevada,39.22932,-121.04748,360,0,0,251,65,0,2,10,0,9,23,0
Sierra View Medical Center,CA,Tulare,36.06948,-119.02727,208,0,0,134,61,0,1,0,0,0,11,1
Sierra Vista Regional Medical Center,CA,San Luis Obispo,35.29105,-120.66576,529,1,106,129,75,6,3,53,9,126,19,2
Silver Lake Medical Center – Downtown Campus,CA,Los Angeles,34.06879,-118.26324,18,0,0,6,8,0,0,0,1,1,2,0
Simi Valley Hospital and Healthcare Services – Sycamore,CA,Ventura,34.28945,-118.74405,167,6,9,68,59,0,5,1,2,3,12,2
Sonoma Valley Hospital,CA,Sonoma,38.28841,-122.46524,56,0,0,27,26,0,0,0,0,0,3,0
Sonora Regional Medical Center – Greenley,CA,Tuolumne,37.98811,-120.36965,282,1,0,219,47,0,2,0,1,0,12,0
South Coast Global Medical Center,CA,Orange,33.71112,-117.88539,103,2,0,78,9,0,0,0,0,11,2,1
Southern California Hospital At Culver City,CA,Los Angeles,34.02328,-118.39724,53,0,1,12,24,0,0,8,0,1,3,4
Southern California Hospital at Culver City,CA,Los Angeles,34.02328,-118.39724,101,1,0,40,28,0,0,8,1,6,8,9
Southern California Hospital at Hollywood,CA,Los Angeles,34.09628,-118.32501,27,1,0,4,5,0,1,0,1,9,5,1
Southwest Healthcare System – Murrieta,CA,Riverside,33.55788,-117.18488,778,9,85,315,144,3,2,0,3,135,73,9
Stanford Health Care,CA,Santa Clara,37.43342,-122.17827,3255,145,229,1177,212,87,264,256,173,403,215,94
Stanford Hospital,CA,Santa Clara,37.43342,-122.17827,3738,193,343,1322,243,47,327,258,183,491,201,130
Stanislaus Surgical Hospital,CA,Stanislaus,37.66395,-120.95756,45,0,0,43,1,0,0,0,0,0,1,0
Sutter Amador Hospital,CA,Amador,38.34743,-120.77272,52,0,0,15,32,0,0,0,0,0,5,0
Sutter Auburn Faith Hospital,CA,Placer,38.94452,-121.0982,341,3,0,234,83,0,4,4,1,1,8,3
Sutter Coast Hospital,CA,Del Norte,41.77278,-124.19514,85,0,0,57,23,0,0,0,0,0,5,0
Sutter Davis Hospital,CA,Yolo,38.56154,-121.77244,134,1,0,100,22,1,0,2,0,3,3,2
Sutter Delta Medical Center,CA,Contra Costa,37.98222,-121.8054,212,3,0,149,38,0,0,7,0,11,2,2
Sutter General Hospital,CA,Sacramento,38.57176,-121.47008,1100,0,64,643,120,9,23,37,23,137,24,20
Sutter Lakeside Hospital,CA,Lake,39.10232,-122.91003,55,0,0,14,31,0,0,7,0,0,3,0
Sutter Medical Center of Santa Rosa,CA,Sonoma,38.46855,-122.70739,207,2,0,156,31,0,0,14,0,0,2,2
"Sutter Medical Center, Sacramento",CA,Sacramento,38.57176,-121.47008,1710,4,101,877,142,25,21,76,30,348,58,28
Sutter Memorial Hospital,CA,Sacramento,38.57071,-121.43948,75,0,44,5,9,0,0,17,0,0,0,0
Sutter Roseville Medical Center,CA,Placer,38.76439,-121.25055,1743,14,66,916,199,6,5,171,11,268,77,10
Sutter Santa Rosa Regional Hospital,CA,Sonoma,38.49636,-122.7514,388,0,0,267,78,6,2,10,1,0,21,3
Sutter Solano Medical Center,CA,Solano,38.13117,-122.23912,408,2,0,263,84,0,0,11,0,4,38,6
Sutter Surgical Hospital – North Valley,CA,Sutter,39.13216,-121.61354,453,0,0,400,39,0,1,0,0,0,12,1
Sutter Tracy Community Hospital,CA,San Joaquin,37.74366,-121.43482,154,0,0,121,27,0,0,0,0,1,5,0
Tahoe Forest Hospital,CA,Nevada,39.3245579,-120.2014553,132,0,0,97,28,0,0,0,0,4,2,1
Temecula Valley Hospital,CA,Riverside,33.4795943,-117.1048018,209,0,0,126,38,0,3,18,2,1,13,8
Temple Community Hospital,CA,Los Angeles,34.07534,-118.28366,9,0,0,3,4,0,0,0,0,0,1,1
Torrance Memorial Medical Center,CA,Los Angeles,33.81258,-118.34388,2346,54,50,1058,390,33,24,214,22,324,135,42
Tri-City Medical Center – Oceanside,CA,San Diego,33.18394,-117.29027,870,13,33,392,167,0,2,46,8,137,61,11
Trinity Hospital,CA,Trinity,40.73784,-122.94037,7,0,0,6,1,0,0,0,0,0,0,0
Tulare Regional Medical Center,CA,Tulare,36.22217,-119.33775,77,0,0,44,23,0,2,0,0,1,7,0
Twin Cities Community Hospital,CA,San Luis Obispo,35.5543,-120.71967,290,0,0,183,55,0,1,0,0,35,16,0
UC Davis Medical Center,CA,Sacramento,38.55438,-121.45738,2501,149,221,1013,166,61,68,277,103,310,98,35
UC Irvine Medical Center,CA,Orange,33.7889,-117.89064,2414,55,433,658,278,36,108,103,181,242,224,96
UC San Diego Health System – Hillcrest Medical Center,CA,San Diego,32.75387,-117.16498,3924,109,363,1513,416,63,278,223,133,530,222,74
UC San Francisco Medical Center,CA,San Francisco,37.7635148,-122.4576564,7121,243,1573,1883,358,83,537,377,193,1406,345,123
Ukiah Valley Medical Center,CA,Mendocino,39.1528,-123.20363,547,0,0,474,48,0,0,11,0,0,14,0
University of Southern California Verdugo Hills Hospital,CA,Los Angeles,34.20557,-118.2152,412,6,3,169,38,0,0,4,3,174,12,3
Valley Presbyterian Hospital,CA,Los Angeles,34.19399,-118.46196,776,8,9,533,84,0,28,14,22,4,46,28
Valleycare Medical Center,CA,Alameda,37.69206,-121.88095,514,1,0,344,105,5,1,31,1,2,18,6
Ventura County Medical Center,CA,Ventura,34.27634,-119.2517,616,2,15,365,74,4,16,18,15,39,55,13
Vibra Hospital of San Diego,CA,San Diego,32.74986,-117.16001,1,0,0,0,0,0,0,0,0,0,1,0
Victor Valley Global Medical Center,CA,San Bernardino,34.5281768,-117.2925622,229,0,0,150,63,0,0,0,0,0,15,1
Washington Hospital – Fremont,CA,Alameda,37.55847,-121.98006,474,2,39,184,155,10,2,32,1,15,28,6
Watsonville Community Hospital,CA,Santa Cruz,36.92839,-121.79173,147,0,0,97,32,0,1,0,0,1,11,5
West Anaheim Medical Center,CA,Orange,33.82482,-117.99492,40,0,0,8,27,0,0,1,0,0,2,2
West Hills Hospital and Medical Center,CA,Los Angeles,34.20365,-118.6294,428,1,38,241,91,0,1,19,0,3,28,6
Western Medical Center Anaheim,CA,Orange,33.8209,-117.90921,17,0,0,8,7,0,0,1,0,0,1,0
Western Medical Center – Santa Ana,CA,Orange,33.75361,-117.83398,88,0,15,47,17,0,1,3,0,1,1,3
White Memorial Medical Center,CA,Los Angeles,34.051,-118.21739,666,3,48,414,95,4,3,18,3,5,48,25
Whittier Hospital Medical Center,CA,Los Angeles,33.95379,-118.00303,186,0,0,82,53,0,1,8,0,2,28,12
Woodland Memorial Hospital,CA,Yolo,38.66284,-121.7933,330,0,0,247,46,0,0,6,0,2,26,3
